{
  "project": {
    "version": "1.0.0-beta.26",
    "name": "ng-editable-table"
  },
  "apps": [
    {
      "root": "src",
      "outDir": "dist",
      "assets": [
        "assets",
        "favicon.ico"
      ],
      "index": "index.html",
      "main": "main.ts",
      "polyfills": "polyfills.ts",
      "test": "test.ts",
      "tsconfig": "tsconfig.json",
      "prefix": "nv",
      "mobile": false,
      "styles": [
        "styles.css",
        "../node_modules/font-awesome/css/font-awesome.css"
      ],
      "scripts": [],
      "environmentSource": "environments/environment.ts",
      "environments": {
        "source": "environments/environment.ts",
        "dev": "environments/environment.ts",
        "prod": "environments/environment.prod.ts"
      }
    }
  ],
  "e2e": {
    "protractor": {
      "config": "./protractor.conf.js"
    }
  },
  "test": {
    "karma": {
      "config": "./karma.conf.js"
    }
  },
  "defaults": {
    "styleExt": "css",
    "prefixInterfaces": false,
    "inline": {
      "style": false,
      "template": false
    },
    "spec": {
      "class": false,
      "component": true,
      "directive": true,
      "module": false,
      "pipe": true,
      "service": true
    }
  },
  "module": [
    {
      "name": "ng-editable-table",
      "root": "src",
      "outDir": "dist",
      "main": "index.ts",
      "tsconfig": "tsconfig.json"
    }
  ]
}